[{"id":"Alice, The Magical Nurse","name":"Alice, The Magical Nurse","setCode":"Wave 1"},{"id":"Ancient Spellbook","name":"Ancient Spellbook","setCode":"Wave 1"},{"id":"Armored Wulf","name":"Armored Wulf","setCode":"Wave 1"},{"id":"Clash of Rivals","name":"Clash of Rivals","setCode":"Wave 1"},{"id":"Magician of Light","name":"Magician of Light","setCode":"Wave 1"},{"id":"Magifox","name":"Magifox","setCode":"Wave 1"},{"id":"Masked Spellkeeper","name":"Masked Spellkeeper","setCode":"Wave 1"},{"id":"Maxwell, Knight of Magius","name":"Maxwell, Knight of Magius","setCode":"Wave 1"},{"id":"One-Shot Strike","name":"One-Shot Strike","setCode":"Wave 1"},{"id":"Phantasm Mefist","name":"Phantasm Mefist","setCode":"Wave 1"},{"id":"Power to Unity","name":"Power to Unity","setCode":"Wave 1"},{"id":"Revival","name":"Revival","setCode":"Wave 1"},{"id":"Summoner Gate","name":"Summoner Gate","setCode":"Wave 1"},{"id":"Time Warp","name":"Time Warp","setCode":"Wave 1"},{"id":"Asault Golem","name":"Asault Golem","setCode":"Wave 2"},{"id":"Elveness Archer","name":"Elveness Archer","setCode":"Wave 2"},{"id":"Graham the Champion of Fighters","name":"Graham the Champion of Fighters","setCode":"Wave 2"},{"id":"Helper Golem","name":"Helper Golem","setCode":"Wave 2"},{"id":"Necrowalker","name":"Necrowalker","setCode":"Wave 2"},{"id":"Relentless Rogue","name":"Relentless Rogue","setCode":"Wave 2"},{"id":"Selena, The Necromancer","name":"Selena, The Necromancer","setCode":"Wave 2"},{"id":"Give and Take","name":"Give and Take","setCode":"Wave 3"},{"id":"Incinerak, the Infernal Lord","name":"Incinerak, the Infernal Lord","setCode":"Wave 3"},{"id":"Infernal Beast","name":"Infernal Beast","setCode":"Wave 3"},{"id":"Infernal Guardian","name":"Infernal Guardian","setCode":"Wave 3"},{"id":"Infernal Imp","name":"Infernal Imp","setCode":"Wave 3"},{"id":"Infernal Knight","name":"Infernal Knight","setCode":"Wave 3"},{"id":"Infernal Meteor","name":"Infernal Meteor","setCode":"Wave 3"},{"id":"Infernal Rage","name":"Infernal Rage","setCode":"Wave 3"},{"id":"Infernal Realm","name":"Infernal Realm","setCode":"Wave 3"},{"id":"Pyra, the Infernal Sorceress","name":"Pyra, the Infernal Sorceress","setCode":"Wave 3"}]