{"name":"Duel Chronicles Card Game","allCardsUrl":null,"allCardsUrlPageCount":1,"allCardsUrlPageCountIdentifier":"","allCardsUrlPageCountDivisor":1,"allCardsUrlPageCountStartIndex":1,"allCardsUrlPageIdentifier":"?page=","allCardsUrlPostBodyContent":"","allCardsUrlRequestHeader":"X-Api-Key","allCardsUrlRequestHeaderValue":"","allCardsUrlWrapped":false,"allCardsUrlZipped":false,"allDecksUrl":null,"allDecksUrlDataIdentifier":"","allDecksUrlPostBodyContent":"","allDecksUrlTxtRoot":"","allSetsUrl":null,"allSetsUrlWrapped":false,"allSetsUrlZipped":false,"autoUpdate":-1,"autoUpdateUrl":null,"bannerImageFileType":"png","bannerImageUrl":"C:/Users/Isaia/AppData/Local/Temp/Finol Digital LLC/Card Game Simulator\\Duel Chronicles Banner.png","cardBackImageFileType":"png","cardBackImageUrl":"C:/Users/Isaia/AppData/Local/Temp/Finol Digital LLC/Card Game Simulator\\Card Back.jpg","cardDataIdentifier":"","cardIdIdentifier":"id","cardIdStop":"","cardImageFileType":"png","cardImageProperty":"","cardImageUrl":"","cardNameIdentifier":"name","cardNameIsUnique":true,"cardPrimaryProperty":"","cardProperties":[],"cardPropertyIdentifier":"id","cardRotationDefault":0,"cardRotationIdentifier":"","cardSetIdentifier":"setCode","cardSetIsObject":false,"cardSetNameIdentifier":"setname","cardSetsInList":false,"cardSetsInListIsCsv":false,"cardSize":{"x":2.5,"y":3.5},"cgsDeepLink":null,"deckFileAltId":"dbfId","deckFileTxtId":"set","deckFileType":"txt","deckSharePreference":"share","deckUrls":[],"enums":[],"extras":[],"gameBoardImageFileType":"png","gameBoardCards":[],"gameBoardUrls":[],"gameCardRotationDegrees":90,"gameDefaultCardAction":"flip","gamePlayDeckName":"","gameStartHandCount":0,"gameStartPointsCount":0,"playMatImageFileType":"png","playMatImageUrl":null,"playMatSize":{"x":36.0,"y":36.0},"playMatGridCellSize":{"x":0.5,"y":0.5},"rulesUrl":null,"setCardsIdentifier":"cards","setCardsUrlIdentifier":"cardsUrl","setCodeDefault":"_CGSDEFAULT_","setCodeIdentifier":"code","setDataIdentifier":"","setNameDefault":"_CGSDEFAULT_","setNameIdentifier":"name"}